18,,,
3d3fn4,PN,PlayStation 5 Digital Edition,399.99
e6ta5e,PN,Nintendo Switch Lite,199.99
6crw34,PN,Splatoon 2 (Digital Copy),59.99
ct69sd,PN,Fortnite V-Bucks,19.99
420blz,PG,Nintendo Digital Gold,
69o42o,PG,Steam,
8a39dr,PG,Android Store,
daad1d,PG,Robux,
649d92,PU,Legend of Zelda (NES),24.5
0ed5re,PU,Animal Crossings,59.99
9bsbk3,PU,Oculus Rift,199.99
40arte,PU,Vive,599.99
qu4k39,SV,Console Repair,59.99
d00nie,SV,VR Party Rental,120
six942,SV,Game Addiction Counseling,1.99
426dda,SB,X-Box Live,50
dedd44,SB,Nintendo Power magazine,120
3506f6,SB,Disney Plus,89.99
